transaction_id,store_id,store_name,date,product_id,product_name,quantity,unit_price,total,customer_id,promo_code
1001,3,Airport,2025-10-08,506,Highlighter,4,0.9,3.6,2043,DISC10
1002,3,Airport,2025-10-20,502,Pen,2,0.8,1.6,,
1003,3,Airport,2025-10-07,504,Folder,6,1.2,7.2,2084,
1004,1,Downtown,2025-10-15,503,Stapler,6,5.25,31.5,2081,
1005,1,Downtown,2025-10-17,502,Pen,4,0.8,3.2,2010,
1006,3,Airport,2025-10-10,504,Folder,7,1.2,8.4,,DISC10
1007,3,Airport,2025-10-19,506,Highlighter,5,0.9,4.5,,
1008,2,Suburb,2025-10-11,506,Highlighter,5,0.9,4.5,,
1009,3,Airport,2025-10-13,506,Highlighter,4,0.9,3.6,2014,
1010,2,Suburb,2025-10-26,506,Highlighter,6,0.9,5.4,2028,
1011,1,Downtown,2025-10-24,504,Folder,1,1.2,1.2,,
1012,3,Airport,2025-10-16,506,Highlighter,8,0.9,7.2,2036,
1013,2,Suburb,2025-10-25,503,Stapler,10,5.25,52.5,2094,DISC5
1014,3,Airport,2025-10-07,505,Marker,6,1.75,10.5,2083,
1015,1,Downtown,2025-10-21,504,Folder,10,1.2,12.0,,
1016,1,Downtown,2025-10-23,501,Notebook,7,3.5,24.5,,
1017,1,Downtown,2025-10-12,505,Marker,9,1.75,15.75,2039,DISC5
1018,3,Airport,2025-10-21,502,Pen,6,0.8,4.8,,
1019,3,Airport,2025-10-22,501,Notebook,3,3.5,10.5,,
1020,3,Airport,2025-10-05,502,Pen,7,0.8,5.6,2085,DISC5
1021,2,Suburb,2025-10-01,506,Highlighter,7,0.9,6.3,2032,
1022,1,Downtown,2025-10-01,503,Stapler,4,5.25,21.0,2005,DISC5
1023,3,Airport,2025-10-01,503,Stapler,7,5.25,36.75,,DISC5
1024,2,Suburb,2025-10-14,504,Folder,1,1.2,1.2,2033,DISC10
1025,1,Downtown,2025-10-01,505,Marker,1,1.75,1.75,2094,
1026,1,Downtown,2025-10-27,501,Notebook,8,3.5,28.0,,
1027,1,Downtown,2025-10-04,506,Highlighter,6,0.9,5.4,2086,
1028,2,Suburb,2025-10-08,503,Stapler,6,5.25,31.5,2030,
1029,3,Airport,2025-10-17,503,Stapler,2,5.25,10.5,2085,DISC5
1030,1,Downtown,2025-10-10,505,Marker,10,1.75,17.5,2063,
1031,1,Downtown,2025-10-16,505,Marker,7,1.75,12.25,2039,DISC10
1032,3,Airport,2025-10-19,506,Highlighter,1,0.9,0.9,2031,
1033,3,Airport,2025-10-15,506,Highlighter,8,0.9,7.2,,
1034,2,Suburb,2025-10-02,502,Pen,4,0.8,3.2,,
1035,2,Suburb,2025-10-20,502,Pen,8,0.8,6.4,2027,
1036,2,Suburb,2025-10-07,501,Notebook,1,3.5,3.5,2087,DISC10
1037,3,Airport,2025-10-20,503,Stapler,2,5.25,10.5,,
1038,3,Airport,2025-10-02,506,Highlighter,5,0.9,4.5,2024,DISC5
1039,2,Suburb,2025-10-23,505,Marker,4,1.75,7.0,2062,DISC5
1040,3,Airport,2025-10-06,501,Notebook,5,3.5,17.5,,DISC5
1041,2,Suburb,2025-10-01,503,Stapler,7,5.25,36.75,2004,
1042,2,Suburb,2025-10-28,502,Pen,9,0.8,7.2,2050,
1043,1,Downtown,2025-10-20,505,Marker,9,1.75,15.75,2039,DISC10
1044,1,Downtown,2025-10-26,504,Folder,4,1.2,4.8,2008,
1045,3,Airport,2025-10-01,502,Pen,7,0.8,5.6,,
1046,1,Downtown,2025-10-17,503,Stapler,3,5.25,15.75,2011,
1047,3,Airport,2025-10-23,506,Highlighter,10,0.9,9.0,,
1048,2,Suburb,2025-10-08,501,Notebook,5,3.5,17.5,2075,
1049,3,Airport,2025-10-06,504,Folder,9,1.2,10.8,2067,
1050,3,Airport,2025-10-09,506,Highlighter,3,0.9,2.7,,
1051,3,Airport,2025-10-13,506,Highlighter,7,0.9,6.3,2032,
1052,1,Downtown,2025-10-10,506,Highlighter,7,0.9,6.3,,DISC5
1053,2,Suburb,2025-10-05,505,Marker,9,1.75,15.75,2064,
1054,3,Airport,2025-10-21,502,Pen,8,0.8,6.4,,
1055,1,Downtown,2025-10-03,505,Marker,1,1.75,1.75,,
1056,1,Downtown,2025-10-23,503,Stapler,2,5.25,10.5,,
1057,3,Airport,2025-10-04,502,Pen,5,0.8,4.0,,
1058,2,Suburb,2025-10-16,502,Pen,5,0.8,4.0,2095,DISC5
1059,3,Airport,2025-10-29,502,Pen,6,0.8,4.8,2096,
1060,1,Downtown,2025-10-22,503,Stapler,4,5.25,21.0,2019,
1061,1,Downtown,2025-10-25,505,Marker,9,1.75,15.75,2030,
1062,3,Airport,2025-10-12,502,Pen,5,0.8,4.0,2036,
1063,2,Suburb,2025-10-08,505,Marker,8,1.75,14.0,,DISC5
1064,2,Suburb,2025-10-14,501,Notebook,7,3.5,24.5,,DISC5
1065,2,Suburb,2025-10-13,505,Marker,1,1.75,1.75,2063,
1066,1,Downtown,2025-10-11,504,Folder,8,1.2,9.6,2036,
1067,2,Suburb,2025-10-16,503,Stapler,8,5.25,42.0,2088,
1068,1,Downtown,2025-10-11,505,Marker,10,1.75,17.5,,
1069,2,Suburb,2025-10-23,502,Pen,6,0.8,4.8,,
1070,2,Suburb,2025-10-09,506,Highlighter,2,0.9,1.8,2034,
1071,2,Suburb,2025-10-10,501,Notebook,2,3.5,7.0,,
1072,3,Airport,2025-10-20,504,Folder,6,1.2,7.2,2034,DISC5
1073,2,Suburb,2025-10-12,503,Stapler,2,5.25,10.5,2071,DISC5
1074,3,Airport,2025-10-20,503,Stapler,5,5.25,26.25,2082,
1075,3,Airport,2025-10-20,503,Stapler,5,5.25,26.25,2038,
1076,1,Downtown,2025-10-28,503,Stapler,5,5.25,26.25,,
1077,1,Downtown,2025-10-24,506,Highlighter,1,0.9,0.9,,DISC10
1078,1,Downtown,2025-10-10,502,Pen,3,0.8,2.4,2066,
1079,2,Suburb,2025-10-12,501,Notebook,3,3.5,10.5,2065,DISC10
1080,2,Suburb,2025-10-04,504,Folder,6,1.2,7.2,2033,DISC5
1081,3,Airport,2025-10-18,501,Notebook,9,3.5,31.5,2071,
1082,3,Airport,2025-10-13,501,Notebook,7,3.5,24.5,,DISC5
1083,2,Suburb,2025-10-25,505,Marker,7,1.75,12.25,,DISC10
1084,3,Airport,2025-10-02,502,Pen,2,0.8,1.6,,DISC10
1085,1,Downtown,2025-10-05,503,Stapler,4,5.25,21.0,2078,
1086,2,Suburb,2025-10-15,502,Pen,6,0.8,4.8,2056,DISC10
1087,1,Downtown,2025-10-06,502,Pen,8,0.8,6.4,,
1088,2,Suburb,2025-10-21,505,Marker,4,1.75,7.0,,DISC10
1089,2,Suburb,2025-10-28,503,Stapler,9,5.25,47.25,2026,
1090,1,Downtown,2025-10-12,504,Folder,1,1.2,1.2,2066,DISC5
1091,3,Airport,2025-10-28,505,Marker,9,1.75,15.75,2081,DISC10
1092,3,Airport,2025-10-16,503,Stapler,2,5.25,10.5,2098,
1093,2,Suburb,2025-10-18,506,Highlighter,4,0.9,3.6,2066,DISC10
1094,2,Suburb,2025-10-26,502,Pen,10,0.8,8.0,,DISC5
1095,2,Suburb,2025-10-25,502,Pen,7,0.8,5.6,2034,DISC5
1096,3,Airport,2025-10-09,502,Pen,2,0.8,1.6,,DISC5
1097,2,Suburb,2025-10-06,502,Pen,3,0.8,2.4,2019,DISC5
1098,1,Downtown,2025-10-10,506,Highlighter,1,0.9,0.9,2035,
1099,1,Downtown,2025-10-08,501,Notebook,6,3.5,21.0,2022,
1100,1,Downtown,2025-10-29,503,Stapler,1,5.25,5.25,,
1101,2,Suburb,2025-10-04,506,Highlighter,5,0.9,4.5,2092,DISC10
1102,1,Downtown,2025-10-08,503,Stapler,10,5.25,52.5,,DISC10
1103,3,Airport,2025-10-24,506,Highlighter,1,0.9,0.9,,
1104,1,Downtown,2025-10-06,505,Marker,1,1.75,1.75,2099,DISC5
1105,3,Airport,2025-10-14,504,Folder,6,1.2,7.2,,
1106,1,Downtown,2025-10-21,502,Pen,2,0.8,1.6,,
1107,3,Airport,2025-10-25,506,Highlighter,2,0.9,1.8,2057,
1108,2,Suburb,2025-10-20,504,Folder,9,1.2,10.8,,
1109,1,Downtown,2025-10-14,501,Notebook,6,3.5,21.0,,
1110,2,Suburb,2025-10-13,504,Folder,6,1.2,7.2,2030,DISC10
1111,1,Downtown,2025-10-06,505,Marker,4,1.75,7.0,,
1112,3,Airport,2025-10-27,504,Folder,6,1.2,7.2,2089,
1113,1,Downtown,2025-10-29,502,Pen,7,0.8,5.6,,DISC10
1114,2,Suburb,2025-10-21,501,Notebook,3,3.5,10.5,,
1115,2,Suburb,2025-10-25,501,Notebook,3,3.5,10.5,,DISC10
1116,2,Suburb,2025-10-01,504,Folder,4,1.2,4.8,2072,
1117,2,Suburb,2025-10-24,502,Pen,8,0.8,6.4,2076,DISC10
1118,1,Downtown,2025-10-14,504,Folder,2,1.2,2.4,,
1119,2,Suburb,2025-10-26,505,Marker,4,1.75,7.0,2054,DISC10
1120,3,Airport,2025-10-24,501,Notebook,10,3.5,35.0,2054,DISC10
1121,3,Airport,2025-10-29,504,Folder,3,1.2,3.6,,DISC10
1122,3,Airport,2025-10-02,506,Highlighter,4,0.9,3.6,,
1123,2,Suburb,2025-10-02,506,Highlighter,2,0.9,1.8,,
1124,3,Airport,2025-10-19,504,Folder,5,1.2,6.0,2063,
1125,1,Downtown,2025-10-18,504,Folder,3,1.2,3.6,2057,
1126,1,Downtown,2025-10-08,506,Highlighter,4,0.9,3.6,,
1127,2,Suburb,2025-10-06,506,Highlighter,2,0.9,1.8,,
1128,2,Suburb,2025-10-04,506,Highlighter,1,0.9,0.9,,
1129,3,Airport,2025-10-11,504,Folder,7,1.2,8.4,2076,
1130,1,Downtown,2025-10-24,501,Notebook,5,3.5,17.5,,DISC5
1131,1,Downtown,2025-10-09,504,Folder,9,1.2,10.8,2014,
1132,1,Downtown,2025-10-07,503,Stapler,5,5.25,26.25,,
1133,2,Suburb,2025-10-17,501,Notebook,3,3.5,10.5,2070,DISC5
1134,1,Downtown,2025-10-15,501,Notebook,8,3.5,28.0,2037,
1135,3,Airport,2025-10-09,504,Folder,3,1.2,3.6,2004,
1136,2,Suburb,2025-10-27,503,Stapler,9,5.25,47.25,,DISC5
1137,2,Suburb,2025-10-04,506,Highlighter,4,0.9,3.6,,
1138,2,Suburb,2025-10-24,504,Folder,6,1.2,7.2,,
1139,1,Downtown,2025-10-14,506,Highlighter,8,0.9,7.2,2079,DISC5
1140,1,Downtown,2025-10-09,501,Notebook,3,3.5,10.5,2067,
1141,2,Suburb,2025-10-05,504,Folder,10,1.2,12.0,2011,DISC5
1142,1,Downtown,2025-10-11,505,Marker,7,1.75,12.25,,
1143,3,Airport,2025-10-29,506,Highlighter,6,0.9,5.4,2053,DISC10
1144,2,Suburb,2025-10-28,504,Folder,4,1.2,4.8,,
1145,3,Airport,2025-10-03,506,Highlighter,7,0.9,6.3,,
1146,1,Downtown,2025-10-27,506,Highlighter,6,0.9,5.4,2004,
1147,1,Downtown,2025-10-01,505,Marker,7,1.75,12.25,,
1148,2,Suburb,2025-10-06,504,Folder,9,1.2,10.8,2018,DISC5
1149,3,Airport,2025-10-27,504,Folder,5,1.2,6.0,2050,
1150,3,Airport,2025-10-11,503,Stapler,1,5.25,5.25,2011,DISC10
1151,2,Suburb,2025-10-20,504,Folder,5,1.2,6.0,,DISC5
1152,2,Suburb,2025-10-11,506,Highlighter,7,0.9,6.3,2003,
1153,1,Downtown,2025-10-27,506,Highlighter,8,0.9,7.2,2038,
1154,3,Airport,2025-10-12,502,Pen,5,0.8,4.0,2093,
1155,1,Downtown,2025-10-08,503,Stapler,8,5.25,42.0,,
1156,2,Suburb,2025-10-11,505,Marker,4,1.75,7.0,,
1157,1,Downtown,2025-10-18,504,Folder,4,1.2,4.8,,
1158,1,Downtown,2025-10-28,506,Highlighter,8,0.9,7.2,2097,DISC5
1159,1,Downtown,2025-10-12,506,Highlighter,6,0.9,5.4,,
1160,3,Airport,2025-10-08,503,Stapler,10,5.25,52.5,,
1161,1,Downtown,2025-10-20,503,Stapler,6,5.25,31.5,2029,
1162,2,Suburb,2025-10-22,506,Highlighter,4,0.9,3.6,,
1163,1,Downtown,2025-10-30,504,Folder,4,1.2,4.8,2060,
1164,1,Downtown,2025-10-29,503,Stapler,8,5.25,42.0,2056,DISC5
1165,3,Airport,2025-10-07,504,Folder,4,1.2,4.8,2034,
1166,2,Suburb,2025-10-17,503,Stapler,6,5.25,31.5,2041,DISC10
1167,2,Suburb,2025-10-08,505,Marker,3,1.75,5.25,2090,
1168,2,Suburb,2025-10-11,505,Marker,10,1.75,17.5,,
1169,3,Airport,2025-10-23,504,Folder,10,1.2,12.0,,DISC5
1170,1,Downtown,2025-10-08,505,Marker,4,1.75,7.0,,
1171,1,Downtown,2025-10-12,501,Notebook,3,3.5,10.5,2027,DISC10
1172,3,Airport,2025-10-29,505,Marker,4,1.75,7.0,,
1173,1,Downtown,2025-10-28,506,Highlighter,2,0.9,1.8,2073,
1174,3,Airport,2025-10-10,505,Marker,4,1.75,7.0,,DISC5
1175,1,Downtown,2025-10-06,503,Stapler,6,5.25,31.5,2080,
1176,1,Downtown,2025-10-16,505,Marker,1,1.75,1.75,2045,
1177,3,Airport,2025-10-21,506,Highlighter,5,0.9,4.5,2028,
1178,3,Airport,2025-10-12,503,Stapler,5,5.25,26.25,2022,
1179,3,Airport,2025-10-02,503,Stapler,1,5.25,5.25,,
1180,2,Suburb,2025-10-15,503,Stapler,4,5.25,21.0,2037,DISC10
1181,3,Airport,2025-10-15,505,Marker,7,1.75,12.25,,DISC10
1182,3,Airport,2025-10-08,502,Pen,4,0.8,3.2,,
1183,3,Airport,2025-10-01,505,Marker,7,1.75,12.25,2080,
1184,3,Airport,2025-10-02,503,Stapler,5,5.25,26.25,,
1185,3,Airport,2025-10-24,505,Marker,10,1.75,17.5,,DISC10
1186,2,Suburb,2025-10-19,505,Marker,10,1.75,17.5,2087,
1187,1,Downtown,2025-10-15,503,Stapler,9,5.25,47.25,2037,
1188,3,Airport,2025-10-27,505,Marker,8,1.75,14.0,2008,
1189,3,Airport,2025-10-13,504,Folder,4,1.2,4.8,2048,DISC5
1190,3,Airport,2025-10-30,504,Folder,1,1.2,1.2,2058,DISC10
1191,1,Downtown,2025-10-15,506,Highlighter,2,0.9,1.8,2071,DISC10
1192,2,Suburb,2025-10-12,504,Folder,6,1.2,7.2,2060,
1193,1,Downtown,2025-10-23,502,Pen,5,0.8,4.0,,DISC10
1194,1,Downtown,2025-10-12,504,Folder,5,1.2,6.0,2082,
1195,2,Suburb,2025-10-03,503,Stapler,10,5.25,52.5,2066,
1196,1,Downtown,2025-10-06,502,Pen,1,0.8,0.8,2042,
1197,1,Downtown,2025-10-20,503,Stapler,10,5.25,52.5,2071,
1198,1,Downtown,2025-10-12,504,Folder,6,1.2,7.2,,
1199,2,Suburb,2025-10-17,501,Notebook,6,3.5,21.0,,DISC10
1200,2,Suburb,2025-10-28,502,Pen,4,0.8,3.2,,
1201,3,Airport,2025-10-28,506,Highlighter,1,0.9,0.9,,
1202,1,Downtown,2025-10-05,505,Marker,4,1.75,7.0,2026,
1203,2,Suburb,2025-10-24,501,Notebook,10,3.5,35.0,,DISC5
1204,2,Suburb,2025-10-20,503,Stapler,6,5.25,31.5,2002,
1205,3,Airport,2025-10-13,501,Notebook,2,3.5,7.0,2019,DISC5
1206,1,Downtown,2025-10-30,504,Folder,4,1.2,4.8,2001,
1207,1,Downtown,2025-10-29,504,Folder,5,1.2,6.0,2036,
1208,1,Downtown,2025-10-11,502,Pen,2,0.8,1.6,2008,
1209,2,Suburb,2025-10-21,503,Stapler,4,5.25,21.0,2094,
1210,1,Downtown,2025-10-17,505,Marker,10,1.75,17.5,,DISC5
1211,2,Suburb,2025-10-11,501,Notebook,7,3.5,24.5,,
1212,2,Suburb,2025-10-25,506,Highlighter,6,0.9,5.4,2058,DISC5
1213,3,Airport,2025-10-16,501,Notebook,4,3.5,14.0,,DISC10
1214,2,Suburb,2025-10-01,502,Pen,8,0.8,6.4,,
1215,1,Downtown,2025-10-18,506,Highlighter,8,0.9,7.2,2023,
1216,3,Airport,2025-10-07,503,Stapler,1,5.25,5.25,,DISC10
1217,2,Suburb,2025-10-25,504,Folder,1,1.2,1.2,2098,
1218,3,Airport,2025-10-06,504,Folder,6,1.2,7.2,,
1219,1,Downtown,2025-10-01,502,Pen,8,0.8,6.4,2010,DISC10
1220,1,Downtown,2025-10-11,504,Folder,8,1.2,9.6,2001,
1221,2,Suburb,2025-10-19,501,Notebook,7,3.5,24.5,,DISC5
1222,2,Suburb,2025-10-03,504,Folder,3,1.2,3.6,2087,
1223,2,Suburb,2025-10-09,506,Highlighter,4,0.9,3.6,2098,
1224,2,Suburb,2025-10-22,504,Folder,6,1.2,7.2,,DISC10
1225,1,Downtown,2025-10-13,501,Notebook,1,3.5,3.5,,DISC10
1226,3,Airport,2025-10-16,503,Stapler,2,5.25,10.5,,DISC5
1227,1,Downtown,2025-10-26,503,Stapler,1,5.25,5.25,2089,
1228,3,Airport,2025-10-04,501,Notebook,7,3.5,24.5,,
1229,2,Suburb,2025-10-22,503,Stapler,2,5.25,10.5,2049,
1230,1,Downtown,2025-10-14,503,Stapler,5,5.25,26.25,2078,
1231,2,Suburb,2025-10-27,502,Pen,4,0.8,3.2,,DISC10
1232,3,Airport,2025-10-15,505,Marker,4,1.75,7.0,,
1233,2,Suburb,2025-10-19,506,Highlighter,3,0.9,2.7,2002,DISC10
1234,3,Airport,2025-10-07,501,Notebook,4,3.5,14.0,,DISC5
1235,3,Airport,2025-10-30,506,Highlighter,7,0.9,6.3,,DISC10
1236,1,Downtown,2025-10-02,501,Notebook,5,3.5,17.5,2081,DISC10
1237,1,Downtown,2025-10-10,505,Marker,5,1.75,8.75,,DISC10
1238,2,Suburb,2025-10-24,506,Highlighter,5,0.9,4.5,2085,
1239,2,Suburb,2025-10-26,506,Highlighter,10,0.9,9.0,2045,DISC5
1240,2,Suburb,2025-10-01,501,Notebook,4,3.5,14.0,2073,
1241,1,Downtown,2025-10-01,504,Folder,2,1.2,2.4,,
1242,1,Downtown,2025-10-01,501,Notebook,8,3.5,28.0,,DISC10
1243,1,Downtown,2025-10-27,504,Folder,7,1.2,8.4,,DISC5
1244,1,Downtown,2025-10-21,501,Notebook,9,3.5,31.5,2072,
1245,1,Downtown,2025-10-13,502,Pen,5,0.8,4.0,2074,
1246,1,Downtown,2025-10-24,506,Highlighter,9,0.9,8.1,,
1247,2,Suburb,2025-10-10,501,Notebook,3,3.5,10.5,2052,
1248,2,Suburb,2025-10-08,503,Stapler,6,5.25,31.5,,
1249,3,Airport,2025-10-10,502,Pen,10,0.8,8.0,,DISC5
1250,3,Airport,2025-10-06,501,Notebook,7,3.5,24.5,2027,
1251,3,Airport,2025-10-02,503,Stapler,6,5.25,31.5,2094,
1252,2,Suburb,2025-10-23,503,Stapler,4,5.25,21.0,2076,
1253,1,Downtown,2025-10-22,502,Pen,6,0.8,4.8,,
1254,3,Airport,2025-10-03,503,Stapler,9,5.25,47.25,2100,
1255,3,Airport,2025-10-22,504,Folder,1,1.2,1.2,2052,
1256,2,Suburb,2025-10-06,504,Folder,6,1.2,7.2,2081,
1257,3,Airport,2025-10-27,503,Stapler,10,5.25,52.5,2040,
1258,1,Downtown,2025-10-07,503,Stapler,3,5.25,15.75,2031,
1259,2,Suburb,2025-10-30,503,Stapler,1,5.25,5.25,,
1260,2,Suburb,2025-10-21,506,Highlighter,1,0.9,0.9,2044,DISC10
1261,1,Downtown,2025-10-26,503,Stapler,8,5.25,42.0,2007,DISC5
1262,2,Suburb,2025-10-30,503,Stapler,5,5.25,26.25,2019,DISC5
1263,3,Airport,2025-10-01,503,Stapler,1,5.25,5.25,2048,
1264,3,Airport,2025-10-03,504,Folder,6,1.2,7.2,2074,DISC5
1265,2,Suburb,2025-10-30,506,Highlighter,9,0.9,8.1,,
1266,2,Suburb,2025-10-21,505,Marker,9,1.75,15.75,,
1267,3,Airport,2025-10-14,502,Pen,1,0.8,0.8,2087,
1268,2,Suburb,2025-10-14,506,Highlighter,8,0.9,7.2,,DISC10
1269,1,Downtown,2025-10-04,502,Pen,5,0.8,4.0,,
1270,3,Airport,2025-10-04,503,Stapler,10,5.25,52.5,2066,DISC10
1271,1,Downtown,2025-10-24,504,Folder,7,1.2,8.4,2019,
1272,2,Suburb,2025-10-27,506,Highlighter,6,0.9,5.4,,DISC10
1273,2,Suburb,2025-10-27,502,Pen,5,0.8,4.0,,DISC10
1274,1,Downtown,2025-10-19,506,Highlighter,10,0.9,9.0,,
1275,2,Suburb,2025-10-18,504,Folder,8,1.2,9.6,2091,
1276,3,Airport,2025-10-29,502,Pen,3,0.8,2.4,2063,DISC10
1277,2,Suburb,2025-10-15,506,Highlighter,2,0.9,1.8,,
1278,2,Suburb,2025-10-13,504,Folder,3,1.2,3.6,,DISC10
1279,2,Suburb,2025-10-23,502,Pen,6,0.8,4.8,,
1280,2,Suburb,2025-10-07,504,Folder,9,1.2,10.8,2091,
1281,2,Suburb,2025-10-22,503,Stapler,5,5.25,26.25,2058,DISC5
1282,2,Suburb,2025-10-07,501,Notebook,4,3.5,14.0,,DISC10
1283,3,Airport,2025-10-26,503,Stapler,3,5.25,15.75,2047,DISC5
1284,3,Airport,2025-10-03,503,Stapler,5,5.25,26.25,,
1285,3,Airport,2025-10-17,503,Stapler,5,5.25,26.25,,DISC10
1286,2,Suburb,2025-10-08,503,Stapler,10,5.25,52.5,,DISC10
1287,2,Suburb,2025-10-25,504,Folder,3,1.2,3.6,2002,
1288,1,Downtown,2025-10-17,501,Notebook,2,3.5,7.0,2048,
1289,3,Airport,2025-10-26,504,Folder,8,1.2,9.6,2028,
1290,1,Downtown,2025-10-11,503,Stapler,4,5.25,21.0,2038,DISC5
1291,1,Downtown,2025-10-10,501,Notebook,5,3.5,17.5,2071,DISC10
1292,3,Airport,2025-10-08,504,Folder,3,1.2,3.6,2017,
1293,2,Suburb,2025-10-24,503,Stapler,10,5.25,52.5,2076,DISC5
1294,2,Suburb,2025-10-30,501,Notebook,1,3.5,3.5,2091,DISC10
1295,1,Downtown,2025-10-20,503,Stapler,8,5.25,42.0,,
1296,2,Suburb,2025-10-16,501,Notebook,8,3.5,28.0,2056,
1297,2,Suburb,2025-10-20,505,Marker,8,1.75,14.0,,DISC5
1298,3,Airport,2025-10-20,503,Stapler,4,5.25,21.0,,
1299,1,Downtown,2025-10-19,504,Folder,3,1.2,3.6,2060,
1300,2,Suburb,2025-10-26,502,Pen,2,0.8,1.6,,DISC5
1301,3,Airport,2025-10-02,502,Pen,6,0.8,4.8,2055,DISC5
1302,1,Downtown,2025-10-04,503,Stapler,8,5.25,42.0,,DISC10
1303,2,Suburb,2025-10-23,505,Marker,8,1.75,14.0,,
1304,3,Airport,2025-10-27,501,Notebook,3,3.5,10.5,,
1305,3,Airport,2025-10-25,502,Pen,2,0.8,1.6,2016,
1306,2,Suburb,2025-10-06,506,Highlighter,7,0.9,6.3,2062,
1307,1,Downtown,2025-10-28,502,Pen,6,0.8,4.8,,
1308,1,Downtown,2025-10-27,503,Stapler,9,5.25,47.25,,
1309,1,Downtown,2025-10-08,503,Stapler,3,5.25,15.75,2021,
1310,3,Airport,2025-10-14,504,Folder,4,1.2,4.8,2044,
1311,1,Downtown,2025-10-17,506,Highlighter,6,0.9,5.4,2026,
1312,1,Downtown,2025-10-12,505,Marker,1,1.75,1.75,2084,DISC10
1313,1,Downtown,2025-10-05,504,Folder,1,1.2,1.2,2016,DISC5
1314,3,Airport,2025-10-04,505,Marker,1,1.75,1.75,2085,
1315,3,Airport,2025-10-20,505,Marker,1,1.75,1.75,2026,DISC10
1316,1,Downtown,2025-10-14,501,Notebook,3,3.5,10.5,,
1317,2,Suburb,2025-10-14,506,Highlighter,2,0.9,1.8,2010,
1318,3,Airport,2025-10-01,504,Folder,3,1.2,3.6,2009,DISC5
1319,2,Suburb,2025-10-27,502,Pen,2,0.8,1.6,,
1320,1,Downtown,2025-10-03,503,Stapler,4,5.25,21.0,2076,DISC10
1321,3,Airport,2025-10-22,504,Folder,10,1.2,12.0,,
1322,1,Downtown,2025-10-16,506,Highlighter,4,0.9,3.6,2041,
1323,1,Downtown,2025-10-02,503,Stapler,2,5.25,10.5,,
1324,1,Downtown,2025-10-13,502,Pen,7,0.8,5.6,,
1325,3,Airport,2025-10-04,506,Highlighter,2,0.9,1.8,,DISC5
1326,2,Suburb,2025-10-20,505,Marker,2,1.75,3.5,2093,
1327,1,Downtown,2025-10-04,503,Stapler,4,5.25,21.0,2065,DISC5
1328,1,Downtown,2025-10-27,503,Stapler,3,5.25,15.75,2068,
1329,3,Airport,2025-10-14,505,Marker,2,1.75,3.5,2078,
1330,3,Airport,2025-10-23,505,Marker,5,1.75,8.75,,DISC5
1331,3,Airport,2025-10-20,502,Pen,6,0.8,4.8,,DISC10
1332,3,Airport,2025-10-09,502,Pen,9,0.8,7.2,,DISC10
1333,1,Downtown,2025-10-10,506,Highlighter,1,0.9,0.9,,DISC5
1334,2,Suburb,2025-10-13,501,Notebook,7,3.5,24.5,2053,DISC5
1335,1,Downtown,2025-10-25,504,Folder,9,1.2,10.8,2092,DISC5
1336,3,Airport,2025-10-30,505,Marker,6,1.75,10.5,,
1337,3,Airport,2025-10-19,506,Highlighter,10,0.9,9.0,2026,DISC5
1338,3,Airport,2025-10-07,501,Notebook,2,3.5,7.0,2043,DISC5
1339,2,Suburb,2025-10-06,506,Highlighter,7,0.9,6.3,2009,
1340,1,Downtown,2025-10-14,503,Stapler,6,5.25,31.5,2060,DISC5
1341,3,Airport,2025-10-07,504,Folder,4,1.2,4.8,,
1342,1,Downtown,2025-10-22,504,Folder,1,1.2,1.2,2038,
1343,3,Airport,2025-10-22,505,Marker,3,1.75,5.25,,
1344,1,Downtown,2025-10-04,504,Folder,1,1.2,1.2,,DISC10
1345,3,Airport,2025-10-04,505,Marker,2,1.75,3.5,,DISC5
1346,3,Airport,2025-10-09,502,Pen,8,0.8,6.4,2099,
1347,2,Suburb,2025-10-29,503,Stapler,6,5.25,31.5,,DISC10
1348,1,Downtown,2025-10-18,506,Highlighter,9,0.9,8.1,2095,
1349,3,Airport,2025-10-09,506,Highlighter,8,0.9,7.2,2024,
1350,2,Suburb,2025-10-27,501,Notebook,6,3.5,21.0,2046,
1351,2,Suburb,2025-10-13,504,Folder,3,1.2,3.6,2017,DISC5
1352,2,Suburb,2025-10-04,504,Folder,3,1.2,3.6,,
1353,1,Downtown,2025-10-03,504,Folder,4,1.2,4.8,2047,
1354,2,Suburb,2025-10-20,503,Stapler,4,5.25,21.0,2075,DISC10
1355,1,Downtown,2025-10-30,501,Notebook,7,3.5,24.5,,
1356,1,Downtown,2025-10-14,501,Notebook,7,3.5,24.5,,DISC10
1357,3,Airport,2025-10-17,501,Notebook,9,3.5,31.5,,
1358,2,Suburb,2025-10-28,506,Highlighter,4,0.9,3.6,2047,
1359,2,Suburb,2025-10-09,502,Pen,3,0.8,2.4,,
1360,3,Airport,2025-10-24,506,Highlighter,3,0.9,2.7,,
1361,3,Airport,2025-10-09,506,Highlighter,10,0.9,9.0,,
1362,3,Airport,2025-10-30,501,Notebook,7,3.5,24.5,2069,DISC10
1363,3,Airport,2025-10-09,503,Stapler,6,5.25,31.5,,
1364,3,Airport,2025-10-27,501,Notebook,10,3.5,35.0,,
1365,3,Airport,2025-10-04,504,Folder,3,1.2,3.6,,DISC10
1366,3,Airport,2025-10-09,504,Folder,3,1.2,3.6,,
1367,2,Suburb,2025-10-04,504,Folder,8,1.2,9.6,2084,
1368,2,Suburb,2025-10-15,502,Pen,10,0.8,8.0,2034,
1369,1,Downtown,2025-10-25,502,Pen,8,0.8,6.4,2050,DISC5
1370,3,Airport,2025-10-24,506,Highlighter,6,0.9,5.4,2054,
1371,1,Downtown,2025-10-18,501,Notebook,8,3.5,28.0,,
1372,3,Airport,2025-10-24,503,Stapler,5,5.25,26.25,,DISC10
1373,1,Downtown,2025-10-22,505,Marker,9,1.75,15.75,2006,
1374,1,Downtown,2025-10-07,501,Notebook,7,3.5,24.5,,
1375,1,Downtown,2025-10-07,501,Notebook,8,3.5,28.0,,DISC10
1376,1,Downtown,2025-10-12,502,Pen,1,0.8,0.8,2037,
1377,3,Airport,2025-10-09,501,Notebook,10,3.5,35.0,2086,
1378,3,Airport,2025-10-08,506,Highlighter,7,0.9,6.3,2087,
1379,1,Downtown,2025-10-16,502,Pen,7,0.8,5.6,2079,DISC10
1380,3,Airport,2025-10-26,506,Highlighter,8,0.9,7.2,2006,
1381,3,Airport,2025-10-04,501,Notebook,3,3.5,10.5,,DISC5
1382,2,Suburb,2025-10-05,505,Marker,5,1.75,8.75,2085,
1383,1,Downtown,2025-10-28,506,Highlighter,6,0.9,5.4,,DISC10
1384,3,Airport,2025-10-15,503,Stapler,5,5.25,26.25,,
1385,1,Downtown,2025-10-26,505,Marker,9,1.75,15.75,,
1386,3,Airport,2025-10-09,501,Notebook,4,3.5,14.0,2012,
1387,2,Suburb,2025-10-18,501,Notebook,3,3.5,10.5,2053,DISC5
1388,3,Airport,2025-10-28,501,Notebook,7,3.5,24.5,,DISC10
1389,2,Suburb,2025-10-08,506,Highlighter,9,0.9,8.1,2078,
1390,3,Airport,2025-10-02,502,Pen,10,0.8,8.0,,
1391,3,Airport,2025-10-18,506,Highlighter,8,0.9,7.2,2060,
1392,3,Airport,2025-10-11,501,Notebook,10,3.5,35.0,,
1393,1,Downtown,2025-10-26,506,Highlighter,1,0.9,0.9,,DISC10
1394,2,Suburb,2025-10-14,505,Marker,5,1.75,8.75,,
1395,2,Suburb,2025-10-23,502,Pen,3,0.8,2.4,2010,DISC10
1396,3,Airport,2025-10-14,503,Stapler,6,5.25,31.5,2052,
1397,1,Downtown,2025-10-09,502,Pen,9,0.8,7.2,,
1398,3,Airport,2025-10-18,505,Marker,3,1.75,5.25,,
1399,2,Suburb,2025-10-24,503,Stapler,3,5.25,15.75,2041,DISC5
1400,2,Suburb,2025-10-19,505,Marker,8,1.75,14.0,,DISC10
1401,1,Downtown,2025-10-06,505,Marker,3,1.75,5.25,2025,DISC10
1402,1,Downtown,2025-10-13,501,Notebook,2,3.5,7.0,,DISC5
1403,1,Downtown,2025-10-03,506,Highlighter,4,0.9,3.6,2019,DISC5
1404,2,Suburb,2025-10-16,503,Stapler,6,5.25,31.5,2072,
1405,1,Downtown,2025-10-15,502,Pen,8,0.8,6.4,2023,DISC5
1406,1,Downtown,2025-10-01,501,Notebook,1,3.5,3.5,2001,
1407,2,Suburb,2025-10-17,505,Marker,6,1.75,10.5,2092,DISC5
1408,1,Downtown,2025-10-02,502,Pen,3,0.8,2.4,,DISC10
1409,2,Suburb,2025-10-29,506,Highlighter,2,0.9,1.8,,
1410,3,Airport,2025-10-26,505,Marker,10,1.75,17.5,2006,
1411,2,Suburb,2025-10-02,504,Folder,2,1.2,2.4,2054,DISC10
1412,2,Suburb,2025-10-23,503,Stapler,2,5.25,10.5,,DISC5
1413,1,Downtown,2025-10-21,506,Highlighter,3,0.9,2.7,,DISC5
1414,1,Downtown,2025-10-26,501,Notebook,5,3.5,17.5,,
1415,3,Airport,2025-10-26,506,Highlighter,4,0.9,3.6,,
1416,1,Downtown,2025-10-02,502,Pen,5,0.8,4.0,,DISC5
1417,3,Airport,2025-10-23,502,Pen,8,0.8,6.4,2043,
1418,3,Airport,2025-10-02,501,Notebook,5,3.5,17.5,2045,
1419,1,Downtown,2025-10-24,503,Stapler,10,5.25,52.5,2086,
1420,1,Downtown,2025-10-22,504,Folder,4,1.2,4.8,2048,
1421,2,Suburb,2025-10-08,506,Highlighter,9,0.9,8.1,2078,
1422,2,Suburb,2025-10-25,504,Folder,1,1.2,1.2,2089,
1423,3,Airport,2025-10-11,505,Marker,4,1.75,7.0,2034,DISC10
1424,2,Suburb,2025-10-23,501,Notebook,9,3.5,31.5,,DISC5
1425,1,Downtown,2025-10-10,504,Folder,4,1.2,4.8,2054,DISC10
1426,2,Suburb,2025-10-04,501,Notebook,5,3.5,17.5,2099,
1427,1,Downtown,2025-10-16,505,Marker,7,1.75,12.25,,
1428,1,Downtown,2025-10-24,506,Highlighter,10,0.9,9.0,2030,
1429,3,Airport,2025-10-10,502,Pen,10,0.8,8.0,,DISC10
1430,1,Downtown,2025-10-25,504,Folder,8,1.2,9.6,,
1431,1,Downtown,2025-10-08,501,Notebook,9,3.5,31.5,2100,
1432,3,Airport,2025-10-26,505,Marker,10,1.75,17.5,2010,DISC10
1433,2,Suburb,2025-10-30,501,Notebook,5,3.5,17.5,,DISC10
1434,2,Suburb,2025-10-07,503,Stapler,4,5.25,21.0,,DISC5
1435,3,Airport,2025-10-29,505,Marker,1,1.75,1.75,2027,DISC5
1436,3,Airport,2025-10-10,502,Pen,10,0.8,8.0,2002,
1437,3,Airport,2025-10-06,504,Folder,2,1.2,2.4,2085,
1438,1,Downtown,2025-10-19,504,Folder,1,1.2,1.2,2077,
1439,1,Downtown,2025-10-27,505,Marker,1,1.75,1.75,,DISC5
1440,2,Suburb,2025-10-15,505,Marker,4,1.75,7.0,,
1441,2,Suburb,2025-10-12,501,Notebook,6,3.5,21.0,2032,
1442,2,Suburb,2025-10-23,505,Marker,8,1.75,14.0,,
1443,2,Suburb,2025-10-02,503,Stapler,6,5.25,31.5,2001,
1444,2,Suburb,2025-10-25,502,Pen,8,0.8,6.4,2016,
1445,2,Suburb,2025-10-14,501,Notebook,4,3.5,14.0,,
1446,3,Airport,2025-10-04,502,Pen,9,0.8,7.2,2092,DISC10
1447,3,Airport,2025-10-16,503,Stapler,9,5.25,47.25,2048,DISC5
1448,1,Downtown,2025-10-14,505,Marker,1,1.75,1.75,,DISC5
1449,3,Airport,2025-10-21,501,Notebook,2,3.5,7.0,,
1450,1,Downtown,2025-10-09,505,Marker,9,1.75,15.75,2031,
1451,1,Downtown,2025-10-09,505,Marker,2,1.75,3.5,2072,DISC10
1452,3,Airport,2025-10-07,503,Stapler,5,5.25,26.25,2057,
1453,2,Suburb,2025-10-14,502,Pen,2,0.8,1.6,,DISC10
1454,1,Downtown,2025-10-08,501,Notebook,5,3.5,17.5,2066,
1455,1,Downtown,2025-10-05,501,Notebook,3,3.5,10.5,2098,DISC10
1456,3,Airport,2025-10-19,503,Stapler,1,5.25,5.25,,
1457,3,Airport,2025-10-26,504,Folder,2,1.2,2.4,,
1458,2,Suburb,2025-10-10,505,Marker,1,1.75,1.75,2077,DISC10
1459,3,Airport,2025-10-14,501,Notebook,10,3.5,35.0,2074,DISC5
1460,3,Airport,2025-10-17,504,Folder,5,1.2,6.0,2080,
1461,1,Downtown,2025-10-18,505,Marker,7,1.75,12.25,,
1462,3,Airport,2025-10-20,504,Folder,10,1.2,12.0,,
1463,1,Downtown,2025-10-13,506,Highlighter,8,0.9,7.2,,DISC5
1464,3,Airport,2025-10-25,501,Notebook,5,3.5,17.5,,
1465,3,Airport,2025-10-07,503,Stapler,10,5.25,52.5,2084,
1466,3,Airport,2025-10-14,506,Highlighter,3,0.9,2.7,,DISC5
1467,2,Suburb,2025-10-26,504,Folder,1,1.2,1.2,,DISC5
1468,3,Airport,2025-10-10,505,Marker,1,1.75,1.75,,
1469,2,Suburb,2025-10-12,503,Stapler,2,5.25,10.5,,DISC5
1470,1,Downtown,2025-10-20,502,Pen,8,0.8,6.4,,
1471,1,Downtown,2025-10-03,502,Pen,4,0.8,3.2,2035,DISC10
1472,2,Suburb,2025-10-06,506,Highlighter,2,0.9,1.8,2078,
1473,2,Suburb,2025-10-14,502,Pen,5,0.8,4.0,2074,DISC5
1474,3,Airport,2025-10-01,502,Pen,7,0.8,5.6,2046,
1475,2,Suburb,2025-10-23,504,Folder,1,1.2,1.2,2017,
1476,2,Suburb,2025-10-02,501,Notebook,7,3.5,24.5,,DISC5
1477,2,Suburb,2025-10-05,506,Highlighter,4,0.9,3.6,,
1478,3,Airport,2025-10-02,505,Marker,7,1.75,12.25,,
1479,1,Downtown,2025-10-30,504,Folder,9,1.2,10.8,2036,DISC5
1480,1,Downtown,2025-10-10,506,Highlighter,10,0.9,9.0,,DISC10
1481,3,Airport,2025-10-01,505,Marker,1,1.75,1.75,2080,DISC5
1482,3,Airport,2025-10-19,504,Folder,6,1.2,7.2,,DISC5
1483,1,Downtown,2025-10-29,502,Pen,5,0.8,4.0,,
1484,3,Airport,2025-10-04,505,Marker,4,1.75,7.0,,
1485,2,Suburb,2025-10-05,505,Marker,9,1.75,15.75,,
1486,3,Airport,2025-10-03,503,Stapler,7,5.25,36.75,,DISC5
1487,2,Suburb,2025-10-08,501,Notebook,5,3.5,17.5,,
1488,3,Airport,2025-10-14,501,Notebook,1,3.5,3.5,,DISC10
1489,2,Suburb,2025-10-29,503,Stapler,8,5.25,42.0,,
1490,3,Airport,2025-10-19,505,Marker,4,1.75,7.0,,
1491,2,Suburb,2025-10-30,506,Highlighter,10,0.9,9.0,,DISC5
1492,1,Downtown,2025-10-05,505,Marker,4,1.75,7.0,,
1493,2,Suburb,2025-10-28,506,Highlighter,3,0.9,2.7,2026,
1494,3,Airport,2025-10-24,503,Stapler,9,5.25,47.25,,DISC10
1495,1,Downtown,2025-10-12,504,Folder,7,1.2,8.4,2063,
1496,2,Suburb,2025-10-15,505,Marker,7,1.75,12.25,,DISC10
1497,3,Airport,2025-10-27,502,Pen,8,0.8,6.4,,
1498,3,Airport,2025-10-30,501,Notebook,5,3.5,17.5,2039,
1499,3,Airport,2025-10-13,503,Stapler,9,5.25,47.25,2058,
1500,3,Airport,2025-10-05,504,Folder,3,1.2,3.6,2035,
1501,1,Downtown,2025-10-29,501,Notebook,4,3.5,14.0,2040,
1502,1,Downtown,2025-10-04,503,Stapler,10,5.25,52.5,2012,
1503,3,Airport,2025-10-07,502,Pen,9,0.8,7.2,,
1504,3,Airport,2025-10-21,504,Folder,8,1.2,9.6,,DISC10
1505,2,Suburb,2025-10-15,504,Folder,10,1.2,12.0,2071,
1506,1,Downtown,2025-10-09,505,Marker,7,1.75,12.25,2100,DISC5
1507,3,Airport,2025-10-01,506,Highlighter,6,0.9,5.4,,DISC10
1508,3,Airport,2025-10-25,506,Highlighter,5,0.9,4.5,2078,
1509,3,Airport,2025-10-14,501,Notebook,5,3.5,17.5,2056,DISC5
1510,1,Downtown,2025-10-11,502,Pen,6,0.8,4.8,2033,DISC5
1511,3,Airport,2025-10-19,506,Highlighter,10,0.9,9.0,,DISC10
1512,1,Downtown,2025-10-20,506,Highlighter,7,0.9,6.3,2041,
1513,2,Suburb,2025-10-03,504,Folder,1,1.2,1.2,,DISC10
1514,3,Airport,2025-10-17,503,Stapler,5,5.25,26.25,2049,
1515,1,Downtown,2025-10-24,505,Marker,4,1.75,7.0,2078,DISC5
1516,1,Downtown,2025-10-15,501,Notebook,4,3.5,14.0,,
1517,3,Airport,2025-10-23,502,Pen,7,0.8,5.6,2024,
1518,2,Suburb,2025-10-12,502,Pen,4,0.8,3.2,,
1519,1,Downtown,2025-10-21,502,Pen,10,0.8,8.0,2001,
1520,3,Airport,2025-10-30,502,Pen,1,0.8,0.8,2018,
1521,1,Downtown,2025-10-17,506,Highlighter,3,0.9,2.7,,
1522,1,Downtown,2025-10-26,504,Folder,7,1.2,8.4,,
1523,3,Airport,2025-10-18,505,Marker,6,1.75,10.5,,DISC10
1524,2,Suburb,2025-10-30,503,Stapler,9,5.25,47.25,,
1525,1,Downtown,2025-10-09,503,Stapler,7,5.25,36.75,2076,DISC5
1526,3,Airport,2025-10-24,505,Marker,1,1.75,1.75,,DISC10
1527,3,Airport,2025-10-15,503,Stapler,7,5.25,36.75,,
1528,3,Airport,2025-10-08,505,Marker,2,1.75,3.5,,DISC10
1529,2,Suburb,2025-10-14,503,Stapler,2,5.25,10.5,,
1530,2,Suburb,2025-10-14,502,Pen,2,0.8,1.6,2054,
1531,2,Suburb,2025-10-25,502,Pen,5,0.8,4.0,,
1532,2,Suburb,2025-10-12,505,Marker,8,1.75,14.0,2090,
1533,2,Suburb,2025-10-25,502,Pen,7,0.8,5.6,2078,
1534,3,Airport,2025-10-18,505,Marker,6,1.75,10.5,2013,DISC10
1535,1,Downtown,2025-10-02,505,Marker,10,1.75,17.5,2081,
1536,2,Suburb,2025-10-20,504,Folder,10,1.2,12.0,2010,DISC10
1537,1,Downtown,2025-10-13,505,Marker,8,1.75,14.0,,
1538,2,Suburb,2025-10-13,502,Pen,6,0.8,4.8,,DISC10
1539,1,Downtown,2025-10-08,504,Folder,3,1.2,3.6,2070,DISC10
1540,2,Suburb,2025-10-12,504,Folder,9,1.2,10.8,2038,
1541,3,Airport,2025-10-10,502,Pen,1,0.8,0.8,2009,
1542,3,Airport,2025-10-07,501,Notebook,10,3.5,35.0,2067,
1543,1,Downtown,2025-10-26,503,Stapler,5,5.25,26.25,2029,DISC5
1544,2,Suburb,2025-10-14,502,Pen,8,0.8,6.4,,DISC10
1545,1,Downtown,2025-10-14,503,Stapler,1,5.25,5.25,2013,
1546,2,Suburb,2025-10-26,503,Stapler,3,5.25,15.75,2070,DISC10
1547,2,Suburb,2025-10-27,501,Notebook,10,3.5,35.0,2008,
1548,1,Downtown,2025-10-13,503,Stapler,7,5.25,36.75,,
1549,3,Airport,2025-10-29,502,Pen,8,0.8,6.4,,DISC5
1550,2,Suburb,2025-10-05,502,Pen,9,0.8,7.2,2026,
1551,2,Suburb,2025-10-07,506,Highlighter,2,0.9,1.8,2017,
1552,3,Airport,2025-10-06,501,Notebook,9,3.5,31.5,2070,DISC10
1553,1,Downtown,2025-10-12,502,Pen,4,0.8,3.2,2065,DISC10
1554,3,Airport,2025-10-07,504,Folder,5,1.2,6.0,2064,DISC10
1555,2,Suburb,2025-10-30,503,Stapler,7,5.25,36.75,,DISC10
1556,1,Downtown,2025-10-17,501,Notebook,3,3.5,10.5,,
1557,3,Airport,2025-10-07,503,Stapler,5,5.25,26.25,2023,
1558,3,Airport,2025-10-14,505,Marker,8,1.75,14.0,2007,DISC5
1559,3,Airport,2025-10-20,501,Notebook,6,3.5,21.0,2080,
1560,3,Airport,2025-10-17,504,Folder,2,1.2,2.4,2021,
1561,1,Downtown,2025-10-30,506,Highlighter,10,0.9,9.0,,
1562,1,Downtown,2025-10-15,505,Marker,10,1.75,17.5,,DISC5
1563,1,Downtown,2025-10-26,505,Marker,3,1.75,5.25,,DISC5
1564,1,Downtown,2025-10-24,504,Folder,10,1.2,12.0,2005,
1565,1,Downtown,2025-10-03,503,Stapler,3,5.25,15.75,2012,
1566,3,Airport,2025-10-02,506,Highlighter,5,0.9,4.5,,DISC5
1567,1,Downtown,2025-10-04,502,Pen,3,0.8,2.4,2013,DISC5
1568,3,Airport,2025-10-28,501,Notebook,10,3.5,35.0,2036,DISC10
1569,1,Downtown,2025-10-22,504,Folder,1,1.2,1.2,,
1570,1,Downtown,2025-10-03,506,Highlighter,4,0.9,3.6,2099,DISC5
1571,3,Airport,2025-10-30,506,Highlighter,2,0.9,1.8,2075,
1572,3,Airport,2025-10-25,505,Marker,6,1.75,10.5,2070,DISC10
1573,3,Airport,2025-10-05,502,Pen,6,0.8,4.8,2074,
1574,3,Airport,2025-10-01,506,Highlighter,7,0.9,6.3,2036,
1575,2,Suburb,2025-10-12,501,Notebook,3,3.5,10.5,,DISC5
1576,2,Suburb,2025-10-20,504,Folder,7,1.2,8.4,2026,
1577,3,Airport,2025-10-22,505,Marker,1,1.75,1.75,,
1578,1,Downtown,2025-10-22,504,Folder,9,1.2,10.8,2088,
1579,1,Downtown,2025-10-17,505,Marker,9,1.75,15.75,2091,DISC5
1580,1,Downtown,2025-10-14,506,Highlighter,2,0.9,1.8,2084,
1581,1,Downtown,2025-10-20,502,Pen,7,0.8,5.6,2017,DISC10
1582,1,Downtown,2025-10-16,506,Highlighter,8,0.9,7.2,2098,DISC5
1583,2,Suburb,2025-10-22,504,Folder,7,1.2,8.4,2059,DISC10
1584,1,Downtown,2025-10-03,506,Highlighter,6,0.9,5.4,,
1585,2,Suburb,2025-10-18,502,Pen,4,0.8,3.2,2011,DISC10
1586,3,Airport,2025-10-08,503,Stapler,9,5.25,47.25,,DISC10
1587,3,Airport,2025-10-14,501,Notebook,7,3.5,24.5,2051,DISC10
1588,1,Downtown,2025-10-28,504,Folder,9,1.2,10.8,,DISC10
1589,3,Airport,2025-10-30,506,Highlighter,7,0.9,6.3,,DISC5
1590,2,Suburb,2025-10-11,505,Marker,9,1.75,15.75,,DISC10
1591,2,Suburb,2025-10-23,502,Pen,7,0.8,5.6,2048,
1592,3,Airport,2025-10-17,506,Highlighter,10,0.9,9.0,,
1593,3,Airport,2025-10-21,501,Notebook,9,3.5,31.5,,DISC10
1594,1,Downtown,2025-10-28,505,Marker,8,1.75,14.0,,
1595,1,Downtown,2025-10-17,505,Marker,4,1.75,7.0,2010,DISC5
1596,2,Suburb,2025-10-27,503,Stapler,7,5.25,36.75,2013,
1597,1,Downtown,2025-10-05,502,Pen,1,0.8,0.8,2070,DISC5
1598,3,Airport,2025-10-30,505,Marker,1,1.75,1.75,,DISC10
1599,3,Airport,2025-10-17,504,Folder,3,1.2,3.6,,
1600,2,Suburb,2025-10-18,505,Marker,8,1.75,14.0,,
1601,3,Airport,2025-10-09,501,Notebook,6,3.5,21.0,2009,DISC5
1602,2,Suburb,2025-10-15,505,Marker,4,1.75,7.0,2006,DISC5
1603,2,Suburb,2025-10-29,501,Notebook,8,3.5,28.0,2047,
1604,1,Downtown,2025-10-07,505,Marker,7,1.75,12.25,,DISC5
1605,2,Suburb,2025-10-14,506,Highlighter,10,0.9,9.0,,
1606,3,Airport,2025-10-13,501,Notebook,2,3.5,7.0,,
1607,3,Airport,2025-10-18,505,Marker,4,1.75,7.0,,DISC5
1608,1,Downtown,2025-10-05,505,Marker,3,1.75,5.25,,DISC10
1609,1,Downtown,2025-10-21,502,Pen,6,0.8,4.8,2088,
1610,2,Suburb,2025-10-08,501,Notebook,1,3.5,3.5,2054,
1611,2,Suburb,2025-10-21,503,Stapler,10,5.25,52.5,2071,
1612,1,Downtown,2025-10-03,506,Highlighter,5,0.9,4.5,,
1613,1,Downtown,2025-10-07,503,Stapler,9,5.25,47.25,,
1614,3,Airport,2025-10-10,503,Stapler,5,5.25,26.25,,
1615,2,Suburb,2025-10-29,501,Notebook,7,3.5,24.5,2038,
1616,1,Downtown,2025-10-25,505,Marker,9,1.75,15.75,2077,
1617,3,Airport,2025-10-23,505,Marker,1,1.75,1.75,,
1618,2,Suburb,2025-10-30,502,Pen,5,0.8,4.0,,
1619,3,Airport,2025-10-01,506,Highlighter,9,0.9,8.1,2010,DISC10
1620,2,Suburb,2025-10-22,505,Marker,10,1.75,17.5,2007,
1621,2,Suburb,2025-10-06,503,Stapler,5,5.25,26.25,2077,DISC5
1622,3,Airport,2025-10-11,503,Stapler,9,5.25,47.25,2099,DISC10
1623,2,Suburb,2025-10-12,504,Folder,6,1.2,7.2,,
1624,1,Downtown,2025-10-10,503,Stapler,8,5.25,42.0,2018,
1625,1,Downtown,2025-10-23,501,Notebook,2,3.5,7.0,2098,
1626,1,Downtown,2025-10-10,502,Pen,2,0.8,1.6,,DISC10
1627,1,Downtown,2025-10-23,501,Notebook,9,3.5,31.5,,
1628,3,Airport,2025-10-22,504,Folder,1,1.2,1.2,,
1629,2,Suburb,2025-10-03,503,Stapler,7,5.25,36.75,2065,
1630,1,Downtown,2025-10-11,501,Notebook,9,3.5,31.5,,
1631,1,Downtown,2025-10-29,505,Marker,8,1.75,14.0,,
1632,2,Suburb,2025-10-11,506,Highlighter,5,0.9,4.5,2100,
1633,3,Airport,2025-10-29,505,Marker,4,1.75,7.0,,DISC10
1634,3,Airport,2025-10-07,503,Stapler,6,5.25,31.5,2075,
1635,2,Suburb,2025-10-14,503,Stapler,4,5.25,21.0,,
1636,2,Suburb,2025-10-16,506,Highlighter,3,0.9,2.7,,
1637,3,Airport,2025-10-21,506,Highlighter,1,0.9,0.9,,DISC5
1638,1,Downtown,2025-10-07,504,Folder,9,1.2,10.8,2049,DISC5
1639,2,Suburb,2025-10-02,503,Stapler,2,5.25,10.5,,
1640,1,Downtown,2025-10-17,506,Highlighter,3,0.9,2.7,,
1641,2,Suburb,2025-10-23,506,Highlighter,2,0.9,1.8,,DISC10
1642,2,Suburb,2025-10-17,504,Folder,9,1.2,10.8,2007,DISC5
1643,2,Suburb,2025-10-30,506,Highlighter,2,0.9,1.8,2038,
1644,2,Suburb,2025-10-28,503,Stapler,7,5.25,36.75,,DISC10
1645,2,Suburb,2025-10-21,502,Pen,2,0.8,1.6,,
1646,3,Airport,2025-10-29,504,Folder,3,1.2,3.6,,DISC10
1647,3,Airport,2025-10-08,502,Pen,3,0.8,2.4,,DISC5
1648,2,Suburb,2025-10-19,504,Folder,10,1.2,12.0,,
1649,2,Suburb,2025-10-06,501,Notebook,3,3.5,10.5,,DISC5
1650,2,Suburb,2025-10-20,505,Marker,6,1.75,10.5,,DISC10
1651,3,Airport,2025-10-14,501,Notebook,2,3.5,7.0,,DISC5
1652,1,Downtown,2025-10-24,503,Stapler,1,5.25,5.25,2028,DISC10
1653,1,Downtown,2025-10-26,505,Marker,1,1.75,1.75,2027,DISC10
1654,1,Downtown,2025-10-23,506,Highlighter,4,0.9,3.6,,DISC10
1655,3,Airport,2025-10-07,502,Pen,1,0.8,0.8,2100,
1656,2,Suburb,2025-10-16,501,Notebook,4,3.5,14.0,,DISC5
1657,1,Downtown,2025-10-12,506,Highlighter,1,0.9,0.9,2059,DISC5
1658,1,Downtown,2025-10-09,505,Marker,2,1.75,3.5,,
1659,2,Suburb,2025-10-25,505,Marker,2,1.75,3.5,2029,DISC5
1660,1,Downtown,2025-10-06,505,Marker,8,1.75,14.0,2012,
1661,1,Downtown,2025-10-30,502,Pen,8,0.8,6.4,,DISC10
1662,1,Downtown,2025-10-17,501,Notebook,3,3.5,10.5,2039,
1663,3,Airport,2025-10-18,504,Folder,10,1.2,12.0,2031,
1664,1,Downtown,2025-10-27,501,Notebook,6,3.5,21.0,2018,DISC5
1665,2,Suburb,2025-10-24,505,Marker,1,1.75,1.75,,
1666,1,Downtown,2025-10-08,502,Pen,8,0.8,6.4,,
1667,3,Airport,2025-10-09,504,Folder,5,1.2,6.0,2050,
1668,1,Downtown,2025-10-28,503,Stapler,8,5.25,42.0,,
1669,2,Suburb,2025-10-13,505,Marker,7,1.75,12.25,2021,
1670,1,Downtown,2025-10-28,503,Stapler,10,5.25,52.5,2071,
1671,2,Suburb,2025-10-20,502,Pen,4,0.8,3.2,2022,
1672,1,Downtown,2025-10-12,502,Pen,3,0.8,2.4,2043,
1673,3,Airport,2025-10-26,505,Marker,2,1.75,3.5,2044,DISC5
1674,2,Suburb,2025-10-16,502,Pen,4,0.8,3.2,,
1675,2,Suburb,2025-10-25,503,Stapler,9,5.25,47.25,2038,DISC5
1676,2,Suburb,2025-10-29,505,Marker,4,1.75,7.0,2082,
1677,3,Airport,2025-10-18,501,Notebook,6,3.5,21.0,,
1678,3,Airport,2025-10-29,501,Notebook,3,3.5,10.5,,DISC10
1679,3,Airport,2025-10-22,505,Marker,5,1.75,8.75,,
1680,1,Downtown,2025-10-27,506,Highlighter,10,0.9,9.0,2008,
1681,2,Suburb,2025-10-06,503,Stapler,4,5.25,21.0,,DISC5
1682,2,Suburb,2025-10-23,506,Highlighter,10,0.9,9.0,,
1683,1,Downtown,2025-10-11,504,Folder,3,1.2,3.6,,
1684,2,Suburb,2025-10-10,502,Pen,6,0.8,4.8,,
1685,1,Downtown,2025-10-25,502,Pen,3,0.8,2.4,,DISC10
1686,1,Downtown,2025-10-27,504,Folder,2,1.2,2.4,,
1687,3,Airport,2025-10-07,505,Marker,4,1.75,7.0,,
1688,1,Downtown,2025-10-11,502,Pen,10,0.8,8.0,2061,
1689,3,Airport,2025-10-21,504,Folder,5,1.2,6.0,,
1690,2,Suburb,2025-10-15,502,Pen,5,0.8,4.0,,
1691,1,Downtown,2025-10-13,505,Marker,9,1.75,15.75,2060,
1692,2,Suburb,2025-10-23,501,Notebook,8,3.5,28.0,,
1693,1,Downtown,2025-10-19,505,Marker,9,1.75,15.75,,
1694,1,Downtown,2025-10-30,501,Notebook,10,3.5,35.0,,
1695,1,Downtown,2025-10-20,502,Pen,3,0.8,2.4,,DISC10
1696,1,Downtown,2025-10-08,503,Stapler,8,5.25,42.0,,
1697,1,Downtown,2025-10-30,506,Highlighter,9,0.9,8.1,2085,
1698,3,Airport,2025-10-02,503,Stapler,8,5.25,42.0,2037,
1699,3,Airport,2025-10-19,503,Stapler,9,5.25,47.25,,
1700,2,Suburb,2025-10-26,506,Highlighter,8,0.9,7.2,2071,
1701,3,Airport,2025-10-24,505,Marker,1,1.75,1.75,2093,DISC5
1702,2,Suburb,2025-10-06,503,Stapler,4,5.25,21.0,,
1703,2,Suburb,2025-10-03,506,Highlighter,3,0.9,2.7,,DISC5
1704,2,Suburb,2025-10-30,502,Pen,4,0.8,3.2,,
1705,1,Downtown,2025-10-10,501,Notebook,2,3.5,7.0,,
1706,2,Suburb,2025-10-17,501,Notebook,3,3.5,10.5,2093,
1707,2,Suburb,2025-10-06,505,Marker,1,1.75,1.75,,
1708,2,Suburb,2025-10-17,502,Pen,6,0.8,4.8,,
1709,2,Suburb,2025-10-19,505,Marker,1,1.75,1.75,,DISC5
1710,2,Suburb,2025-10-08,506,Highlighter,3,0.9,2.7,2026,
1711,1,Downtown,2025-10-28,502,Pen,10,0.8,8.0,2016,DISC10
1712,3,Airport,2025-10-19,502,Pen,6,0.8,4.8,2018,
1713,3,Airport,2025-10-04,501,Notebook,6,3.5,21.0,2002,
1714,3,Airport,2025-10-26,506,Highlighter,8,0.9,7.2,2068,
1715,2,Suburb,2025-10-07,503,Stapler,9,5.25,47.25,,
1716,2,Suburb,2025-10-15,505,Marker,2,1.75,3.5,,DISC5
1717,1,Downtown,2025-10-11,506,Highlighter,3,0.9,2.7,2032,DISC10
1718,3,Airport,2025-10-10,504,Folder,5,1.2,6.0,2087,DISC5
1719,3,Airport,2025-10-15,502,Pen,1,0.8,0.8,2004,DISC5
1720,2,Suburb,2025-10-14,503,Stapler,6,5.25,31.5,,
1721,2,Suburb,2025-10-12,504,Folder,4,1.2,4.8,,
1722,3,Airport,2025-10-17,502,Pen,4,0.8,3.2,2047,DISC5
1723,3,Airport,2025-10-21,505,Marker,5,1.75,8.75,2077,DISC10
1724,3,Airport,2025-10-22,502,Pen,5,0.8,4.0,,
1725,2,Suburb,2025-10-12,506,Highlighter,1,0.9,0.9,2037,DISC5
1726,2,Suburb,2025-10-10,502,Pen,8,0.8,6.4,2001,
1727,1,Downtown,2025-10-24,502,Pen,8,0.8,6.4,2045,
1728,2,Suburb,2025-10-24,503,Stapler,7,5.25,36.75,2002,DISC10
1729,2,Suburb,2025-10-05,501,Notebook,5,3.5,17.5,2073,DISC5
1730,3,Airport,2025-10-20,503,Stapler,4,5.25,21.0,2033,
1731,2,Suburb,2025-10-10,501,Notebook,1,3.5,3.5,,
1732,2,Suburb,2025-10-14,503,Stapler,9,5.25,47.25,2059,
1733,2,Suburb,2025-10-17,506,Highlighter,4,0.9,3.6,2017,
1734,3,Airport,2025-10-18,504,Folder,7,1.2,8.4,,
1735,2,Suburb,2025-10-03,502,Pen,7,0.8,5.6,,
1736,3,Airport,2025-10-06,501,Notebook,9,3.5,31.5,,
1737,1,Downtown,2025-10-11,504,Folder,1,1.2,1.2,,
1738,2,Suburb,2025-10-06,502,Pen,7,0.8,5.6,,DISC10
1739,3,Airport,2025-10-04,505,Marker,9,1.75,15.75,2067,
1740,2,Suburb,2025-10-27,504,Folder,8,1.2,9.6,2050,
1741,3,Airport,2025-10-14,503,Stapler,7,5.25,36.75,2065,DISC5
1742,3,Airport,2025-10-14,501,Notebook,1,3.5,3.5,,
1743,1,Downtown,2025-10-02,502,Pen,2,0.8,1.6,2086,DISC10
1744,1,Downtown,2025-10-28,506,Highlighter,5,0.9,4.5,,
1745,2,Suburb,2025-10-27,503,Stapler,10,5.25,52.5,,DISC10
1746,3,Airport,2025-10-01,505,Marker,2,1.75,3.5,,
1747,1,Downtown,2025-10-01,506,Highlighter,2,0.9,1.8,2057,DISC10
1748,2,Suburb,2025-10-17,504,Folder,9,1.2,10.8,,
1749,3,Airport,2025-10-26,502,Pen,3,0.8,2.4,,
1750,1,Downtown,2025-10-26,503,Stapler,7,5.25,36.75,,DISC10
1751,1,Downtown,2025-10-28,501,Notebook,2,3.5,7.0,2003,DISC5
1752,3,Airport,2025-10-04,501,Notebook,1,3.5,3.5,2083,
1753,3,Airport,2025-10-25,503,Stapler,6,5.25,31.5,,
1754,3,Airport,2025-10-02,506,Highlighter,9,0.9,8.1,,DISC10
1755,2,Suburb,2025-10-25,501,Notebook,6,3.5,21.0,,
1756,3,Airport,2025-10-26,505,Marker,6,1.75,10.5,,DISC5
1757,3,Airport,2025-10-03,501,Notebook,2,3.5,7.0,2055,
1758,1,Downtown,2025-10-06,506,Highlighter,8,0.9,7.2,2019,DISC5
1759,3,Airport,2025-10-12,502,Pen,8,0.8,6.4,2100,
1760,3,Airport,2025-10-16,506,Highlighter,10,0.9,9.0,,
1761,2,Suburb,2025-10-14,506,Highlighter,7,0.9,6.3,,
1762,3,Airport,2025-10-27,505,Marker,1,1.75,1.75,,
1763,3,Airport,2025-10-08,505,Marker,6,1.75,10.5,2091,DISC5
1764,3,Airport,2025-10-20,504,Folder,2,1.2,2.4,2021,DISC5
1765,3,Airport,2025-10-02,505,Marker,6,1.75,10.5,,
1766,2,Suburb,2025-10-14,505,Marker,9,1.75,15.75,2040,
1767,2,Suburb,2025-10-28,502,Pen,8,0.8,6.4,,
1768,3,Airport,2025-10-24,506,Highlighter,2,0.9,1.8,,DISC10
1769,3,Airport,2025-10-30,504,Folder,1,1.2,1.2,2069,
1770,3,Airport,2025-10-14,506,Highlighter,5,0.9,4.5,,DISC5
1771,1,Downtown,2025-10-22,502,Pen,1,0.8,0.8,,DISC5
1772,2,Suburb,2025-10-02,504,Folder,2,1.2,2.4,,
1773,1,Downtown,2025-10-07,505,Marker,6,1.75,10.5,2077,
1774,2,Suburb,2025-10-17,504,Folder,1,1.2,1.2,,
1775,1,Downtown,2025-10-24,502,Pen,8,0.8,6.4,,
1776,2,Suburb,2025-10-16,504,Folder,2,1.2,2.4,2038,
1777,1,Downtown,2025-10-10,506,Highlighter,4,0.9,3.6,,
1778,2,Suburb,2025-10-14,503,Stapler,10,5.25,52.5,2048,
1779,1,Downtown,2025-10-12,505,Marker,4,1.75,7.0,,
1780,2,Suburb,2025-10-30,506,Highlighter,4,0.9,3.6,,
1781,3,Airport,2025-10-03,501,Notebook,1,3.5,3.5,2085,
1782,2,Suburb,2025-10-23,506,Highlighter,4,0.9,3.6,,
1783,1,Downtown,2025-10-19,503,Stapler,9,5.25,47.25,,DISC5
1784,1,Downtown,2025-10-02,504,Folder,2,1.2,2.4,2074,DISC10
1785,1,Downtown,2025-10-28,506,Highlighter,7,0.9,6.3,2011,DISC10
1786,3,Airport,2025-10-25,501,Notebook,1,3.5,3.5,,
1787,2,Suburb,2025-10-29,506,Highlighter,2,0.9,1.8,,
1788,3,Airport,2025-10-25,503,Stapler,3,5.25,15.75,,DISC10
1789,3,Airport,2025-10-16,505,Marker,10,1.75,17.5,,
1790,2,Suburb,2025-10-18,506,Highlighter,9,0.9,8.1,,
1791,3,Airport,2025-10-10,505,Marker,10,1.75,17.5,2083,
1792,1,Downtown,2025-10-11,501,Notebook,1,3.5,3.5,2065,
1793,2,Suburb,2025-10-11,504,Folder,8,1.2,9.6,2060,
1794,1,Downtown,2025-10-11,505,Marker,8,1.75,14.0,,
1795,2,Suburb,2025-10-06,501,Notebook,2,3.5,7.0,2034,
1796,2,Suburb,2025-10-18,502,Pen,10,0.8,8.0,2003,DISC5
1797,2,Suburb,2025-10-19,504,Folder,10,1.2,12.0,,
1798,2,Suburb,2025-10-26,505,Marker,4,1.75,7.0,2059,DISC10
1799,2,Suburb,2025-10-16,501,Notebook,9,3.5,31.5,,DISC10
1800,3,Airport,2025-10-23,506,Highlighter,10,0.9,9.0,,DISC10
1801,2,Suburb,2025-10-20,502,Pen,7,0.8,5.6,,DISC5
1802,3,Airport,2025-10-05,501,Notebook,8,3.5,28.0,2097,
1803,1,Downtown,2025-10-20,503,Stapler,7,5.25,36.75,,
1804,1,Downtown,2025-10-26,502,Pen,9,0.8,7.2,2090,
1805,2,Suburb,2025-10-19,503,Stapler,10,5.25,52.5,,
1806,1,Downtown,2025-10-23,504,Folder,3,1.2,3.6,2052,
1807,1,Downtown,2025-10-07,505,Marker,10,1.75,17.5,2071,DISC5
1808,2,Suburb,2025-10-20,505,Marker,1,1.75,1.75,2031,DISC5
1809,2,Suburb,2025-10-17,504,Folder,4,1.2,4.8,,
1810,2,Suburb,2025-10-22,501,Notebook,7,3.5,24.5,,
1811,3,Airport,2025-10-27,503,Stapler,4,5.25,21.0,2067,
1812,1,Downtown,2025-10-18,502,Pen,5,0.8,4.0,2085,
1813,1,Downtown,2025-10-04,502,Pen,8,0.8,6.4,2011,DISC10
1814,3,Airport,2025-10-17,502,Pen,4,0.8,3.2,2021,
1815,1,Downtown,2025-10-20,504,Folder,5,1.2,6.0,,
1816,3,Airport,2025-10-18,504,Folder,2,1.2,2.4,,
1817,3,Airport,2025-10-30,504,Folder,5,1.2,6.0,2049,
1818,3,Airport,2025-10-29,506,Highlighter,5,0.9,4.5,,DISC5
1819,1,Downtown,2025-10-01,506,Highlighter,3,0.9,2.7,,
1820,3,Airport,2025-10-21,502,Pen,9,0.8,7.2,,DISC5
1821,1,Downtown,2025-10-02,504,Folder,6,1.2,7.2,,DISC10
1822,3,Airport,2025-10-18,506,Highlighter,7,0.9,6.3,2040,
1823,3,Airport,2025-10-26,504,Folder,1,1.2,1.2,,
1824,1,Downtown,2025-10-17,504,Folder,5,1.2,6.0,,
1825,1,Downtown,2025-10-28,504,Folder,5,1.2,6.0,2089,
1826,3,Airport,2025-10-20,504,Folder,9,1.2,10.8,,
1827,1,Downtown,2025-10-25,501,Notebook,10,3.5,35.0,,DISC5
1828,3,Airport,2025-10-24,501,Notebook,3,3.5,10.5,,
1829,3,Airport,2025-10-11,506,Highlighter,4,0.9,3.6,,
1830,3,Airport,2025-10-01,501,Notebook,1,3.5,3.5,,
1831,2,Suburb,2025-10-22,502,Pen,2,0.8,1.6,2071,
1832,1,Downtown,2025-10-16,504,Folder,4,1.2,4.8,2005,
1833,3,Airport,2025-10-27,504,Folder,1,1.2,1.2,,
1834,2,Suburb,2025-10-11,502,Pen,3,0.8,2.4,2038,
1835,1,Downtown,2025-10-30,503,Stapler,4,5.25,21.0,2048,
1836,1,Downtown,2025-10-22,501,Notebook,3,3.5,10.5,,DISC5
1837,2,Suburb,2025-10-29,504,Folder,1,1.2,1.2,2094,DISC10
1838,2,Suburb,2025-10-25,506,Highlighter,1,0.9,0.9,,
1839,2,Suburb,2025-10-12,502,Pen,5,0.8,4.0,,DISC5
1840,1,Downtown,2025-10-27,504,Folder,1,1.2,1.2,2083,DISC10
1841,3,Airport,2025-10-24,504,Folder,6,1.2,7.2,,
1842,3,Airport,2025-10-20,502,Pen,5,0.8,4.0,2060,
1843,3,Airport,2025-10-28,504,Folder,6,1.2,7.2,,
1844,3,Airport,2025-10-29,501,Notebook,7,3.5,24.5,,
1845,2,Suburb,2025-10-18,506,Highlighter,2,0.9,1.8,,DISC10
1846,2,Suburb,2025-10-18,505,Marker,1,1.75,1.75,2012,
1847,3,Airport,2025-10-10,501,Notebook,3,3.5,10.5,,
1848,2,Suburb,2025-10-10,506,Highlighter,3,0.9,2.7,2048,DISC10
1849,2,Suburb,2025-10-05,506,Highlighter,6,0.9,5.4,2065,
1850,1,Downtown,2025-10-15,503,Stapler,5,5.25,26.25,,
1851,2,Suburb,2025-10-17,502,Pen,1,0.8,0.8,2065,
1852,3,Airport,2025-10-19,506,Highlighter,8,0.9,7.2,,
1853,3,Airport,2025-10-25,503,Stapler,7,5.25,36.75,2052,DISC5
1854,2,Suburb,2025-10-06,501,Notebook,1,3.5,3.5,2023,
1855,1,Downtown,2025-10-08,506,Highlighter,4,0.9,3.6,2085,DISC5
1856,1,Downtown,2025-10-09,505,Marker,1,1.75,1.75,2066,DISC5
1857,3,Airport,2025-10-26,504,Folder,7,1.2,8.4,2063,
1858,2,Suburb,2025-10-15,502,Pen,1,0.8,0.8,2018,DISC10
1859,1,Downtown,2025-10-02,506,Highlighter,6,0.9,5.4,2045,DISC5
1860,1,Downtown,2025-10-11,504,Folder,5,1.2,6.0,2002,DISC5
1861,3,Airport,2025-10-07,506,Highlighter,2,0.9,1.8,,
1862,1,Downtown,2025-10-10,504,Folder,4,1.2,4.8,,
1863,3,Airport,2025-10-10,503,Stapler,5,5.25,26.25,,
1864,1,Downtown,2025-10-03,505,Marker,7,1.75,12.25,2011,
1865,3,Airport,2025-10-20,504,Folder,7,1.2,8.4,2085,
1866,3,Airport,2025-10-09,502,Pen,3,0.8,2.4,,
1867,3,Airport,2025-10-13,504,Folder,1,1.2,1.2,2086,
1868,1,Downtown,2025-10-02,505,Marker,9,1.75,15.75,2038,
1869,3,Airport,2025-10-23,502,Pen,8,0.8,6.4,,
1870,2,Suburb,2025-10-05,501,Notebook,9,3.5,31.5,2018,DISC10
1871,1,Downtown,2025-10-23,503,Stapler,10,5.25,52.5,,DISC10
1872,3,Airport,2025-10-07,501,Notebook,8,3.5,28.0,2047,
1873,2,Suburb,2025-10-18,503,Stapler,9,5.25,47.25,2035,
1874,2,Suburb,2025-10-02,505,Marker,1,1.75,1.75,,DISC10
1875,1,Downtown,2025-10-04,506,Highlighter,10,0.9,9.0,2037,
1876,3,Airport,2025-10-29,503,Stapler,3,5.25,15.75,,
1877,3,Airport,2025-10-29,502,Pen,2,0.8,1.6,,
1878,3,Airport,2025-10-18,504,Folder,2,1.2,2.4,2002,
1879,2,Suburb,2025-10-07,503,Stapler,4,5.25,21.0,,DISC5
1880,2,Suburb,2025-10-22,504,Folder,6,1.2,7.2,2069,
1881,2,Suburb,2025-10-20,505,Marker,1,1.75,1.75,2053,
1882,1,Downtown,2025-10-15,505,Marker,5,1.75,8.75,,
1883,1,Downtown,2025-10-25,506,Highlighter,2,0.9,1.8,,
1884,1,Downtown,2025-10-06,505,Marker,8,1.75,14.0,,
1885,2,Suburb,2025-10-15,502,Pen,2,0.8,1.6,,DISC5
1886,1,Downtown,2025-10-18,505,Marker,8,1.75,14.0,,
1887,3,Airport,2025-10-17,502,Pen,6,0.8,4.8,,DISC5
1888,3,Airport,2025-10-30,505,Marker,2,1.75,3.5,,DISC5
1889,3,Airport,2025-10-19,502,Pen,5,0.8,4.0,2045,
1890,1,Downtown,2025-10-05,505,Marker,1,1.75,1.75,,
1891,3,Airport,2025-10-08,503,Stapler,5,5.25,26.25,2023,DISC5
1892,1,Downtown,2025-10-17,502,Pen,6,0.8,4.8,,DISC5
1893,1,Downtown,2025-10-10,503,Stapler,8,5.25,42.0,2022,
1894,3,Airport,2025-10-19,501,Notebook,5,3.5,17.5,,DISC10
1895,3,Airport,2025-10-24,506,Highlighter,9,0.9,8.1,,
1896,2,Suburb,2025-10-24,502,Pen,5,0.8,4.0,,DISC5
1897,2,Suburb,2025-10-06,501,Notebook,8,3.5,28.0,,DISC5
1898,3,Airport,2025-10-05,506,Highlighter,8,0.9,7.2,2024,
1899,1,Downtown,2025-10-10,506,Highlighter,10,0.9,9.0,2067,
1900,2,Suburb,2025-10-03,505,Marker,9,1.75,15.75,,
1901,1,Downtown,2025-10-01,505,Marker,4,1.75,7.0,,
1902,3,Airport,2025-10-18,502,Pen,3,0.8,2.4,2038,
1903,3,Airport,2025-10-09,501,Notebook,2,3.5,7.0,,
1904,3,Airport,2025-10-19,503,Stapler,3,5.25,15.75,2015,DISC5
1905,2,Suburb,2025-10-29,503,Stapler,9,5.25,47.25,,DISC10
1906,3,Airport,2025-10-26,505,Marker,2,1.75,3.5,2088,DISC10
1907,2,Suburb,2025-10-18,506,Highlighter,7,0.9,6.3,2066,
1908,3,Airport,2025-10-09,501,Notebook,10,3.5,35.0,,
1909,1,Downtown,2025-10-01,506,Highlighter,9,0.9,8.1,2097,DISC10
1910,2,Suburb,2025-10-19,503,Stapler,4,5.25,21.0,,
1911,2,Suburb,2025-10-24,505,Marker,2,1.75,3.5,2067,
1912,2,Suburb,2025-10-15,506,Highlighter,1,0.9,0.9,,
1913,3,Airport,2025-10-13,502,Pen,8,0.8,6.4,2031,
1914,1,Downtown,2025-10-13,505,Marker,5,1.75,8.75,2090,
1915,1,Downtown,2025-10-02,504,Folder,10,1.2,12.0,2042,DISC5
1916,1,Downtown,2025-10-06,505,Marker,8,1.75,14.0,,DISC5
1917,3,Airport,2025-10-12,505,Marker,2,1.75,3.5,2044,
1918,2,Suburb,2025-10-18,506,Highlighter,6,0.9,5.4,,DISC10
1919,1,Downtown,2025-10-15,504,Folder,3,1.2,3.6,,
1920,1,Downtown,2025-10-21,501,Notebook,7,3.5,24.5,,
1921,1,Downtown,2025-10-17,506,Highlighter,1,0.9,0.9,,
1922,3,Airport,2025-10-20,501,Notebook,6,3.5,21.0,,
1923,1,Downtown,2025-10-16,505,Marker,10,1.75,17.5,2054,
1924,3,Airport,2025-10-18,505,Marker,7,1.75,12.25,2053,
1925,2,Suburb,2025-10-06,501,Notebook,3,3.5,10.5,2074,
1926,1,Downtown,2025-10-04,504,Folder,3,1.2,3.6,2088,DISC5
1927,2,Suburb,2025-10-08,503,Stapler,4,5.25,21.0,2025,DISC5
1928,1,Downtown,2025-10-02,503,Stapler,10,5.25,52.5,2050,
1929,1,Downtown,2025-10-19,504,Folder,10,1.2,12.0,2040,DISC10
1930,2,Suburb,2025-10-22,501,Notebook,10,3.5,35.0,,DISC5
1931,1,Downtown,2025-10-26,503,Stapler,9,5.25,47.25,,
1932,2,Suburb,2025-10-04,506,Highlighter,8,0.9,7.2,,
1933,1,Downtown,2025-10-17,506,Highlighter,5,0.9,4.5,2004,DISC5
1934,3,Airport,2025-10-17,502,Pen,4,0.8,3.2,,DISC10
1935,2,Suburb,2025-10-02,504,Folder,5,1.2,6.0,2042,
1936,3,Airport,2025-10-28,501,Notebook,7,3.5,24.5,2093,
1937,3,Airport,2025-10-11,503,Stapler,9,5.25,47.25,2023,DISC5
1938,3,Airport,2025-10-24,503,Stapler,3,5.25,15.75,2035,
1939,2,Suburb,2025-10-06,501,Notebook,10,3.5,35.0,2099,
1940,1,Downtown,2025-10-30,501,Notebook,6,3.5,21.0,,
1941,2,Suburb,2025-10-25,506,Highlighter,10,0.9,9.0,,
1942,3,Airport,2025-10-03,505,Marker,10,1.75,17.5,2096,DISC5
1943,2,Suburb,2025-10-28,506,Highlighter,6,0.9,5.4,,
1944,2,Suburb,2025-10-20,506,Highlighter,5,0.9,4.5,,
1945,1,Downtown,2025-10-04,505,Marker,10,1.75,17.5,2008,
1946,3,Airport,2025-10-02,503,Stapler,3,5.25,15.75,,
1947,1,Downtown,2025-10-09,501,Notebook,8,3.5,28.0,,DISC5
1948,3,Airport,2025-10-20,502,Pen,7,0.8,5.6,2090,DISC5
1949,2,Suburb,2025-10-26,503,Stapler,5,5.25,26.25,2061,
1950,3,Airport,2025-10-19,502,Pen,9,0.8,7.2,2032,
1951,2,Suburb,2025-10-08,501,Notebook,2,3.5,7.0,,DISC5
1952,3,Airport,2025-10-29,506,Highlighter,6,0.9,5.4,,
1953,3,Airport,2025-10-05,506,Highlighter,1,0.9,0.9,,DISC5
1954,3,Airport,2025-10-28,505,Marker,3,1.75,5.25,,
1955,1,Downtown,2025-10-01,501,Notebook,7,3.5,24.5,2096,
1956,3,Airport,2025-10-02,506,Highlighter,4,0.9,3.6,,DISC10
1957,3,Airport,2025-10-26,504,Folder,7,1.2,8.4,,
1958,3,Airport,2025-10-23,503,Stapler,8,5.25,42.0,2095,
1959,3,Airport,2025-10-12,503,Stapler,5,5.25,26.25,2013,
1960,2,Suburb,2025-10-03,501,Notebook,7,3.5,24.5,,
1961,3,Airport,2025-10-23,506,Highlighter,3,0.9,2.7,,DISC5
1962,2,Suburb,2025-10-09,504,Folder,3,1.2,3.6,,
1963,1,Downtown,2025-10-24,503,Stapler,7,5.25,36.75,2028,DISC5
1964,3,Airport,2025-10-16,502,Pen,9,0.8,7.2,2038,DISC10
1965,2,Suburb,2025-10-20,506,Highlighter,10,0.9,9.0,2031,DISC5
1966,1,Downtown,2025-10-17,502,Pen,7,0.8,5.6,,DISC10
1967,3,Airport,2025-10-24,502,Pen,7,0.8,5.6,2085,
1968,3,Airport,2025-10-16,501,Notebook,9,3.5,31.5,,DISC5
1969,1,Downtown,2025-10-16,504,Folder,8,1.2,9.6,2009,
1970,1,Downtown,2025-10-06,503,Stapler,4,5.25,21.0,2049,
1971,2,Suburb,2025-10-22,505,Marker,7,1.75,12.25,2023,
1972,2,Suburb,2025-10-09,501,Notebook,8,3.5,28.0,2066,
1973,2,Suburb,2025-10-27,503,Stapler,6,5.25,31.5,,
1974,3,Airport,2025-10-22,503,Stapler,7,5.25,36.75,2090,
1975,2,Suburb,2025-10-28,504,Folder,10,1.2,12.0,,
1976,2,Suburb,2025-10-18,504,Folder,1,1.2,1.2,2015,
1977,3,Airport,2025-10-26,504,Folder,1,1.2,1.2,2099,
1978,1,Downtown,2025-10-03,502,Pen,10,0.8,8.0,2005,DISC5
1979,3,Airport,2025-10-01,503,Stapler,6,5.25,31.5,,DISC10
1980,3,Airport,2025-10-11,505,Marker,2,1.75,3.5,,
1981,1,Downtown,2025-10-11,504,Folder,6,1.2,7.2,2040,
1982,3,Airport,2025-10-22,505,Marker,2,1.75,3.5,2027,
1983,3,Airport,2025-10-19,506,Highlighter,9,0.9,8.1,2044,
1984,1,Downtown,2025-10-26,502,Pen,3,0.8,2.4,2035,
1985,2,Suburb,2025-10-06,502,Pen,4,0.8,3.2,,
1986,3,Airport,2025-10-12,503,Stapler,10,5.25,52.5,,DISC5
1987,3,Airport,2025-10-10,506,Highlighter,3,0.9,2.7,2004,
1988,1,Downtown,2025-10-20,501,Notebook,8,3.5,28.0,,DISC10
1989,1,Downtown,2025-10-21,502,Pen,2,0.8,1.6,,
1990,3,Airport,2025-10-20,506,Highlighter,6,0.9,5.4,2011,
1991,3,Airport,2025-10-22,501,Notebook,5,3.5,17.5,2045,
1992,3,Airport,2025-10-05,504,Folder,10,1.2,12.0,,
1993,1,Downtown,2025-10-19,506,Highlighter,9,0.9,8.1,2056,
1994,3,Airport,2025-10-23,505,Marker,5,1.75,8.75,2091,
1995,1,Downtown,2025-10-30,504,Folder,8,1.2,9.6,2034,DISC10
1996,1,Downtown,2025-10-02,502,Pen,10,0.8,8.0,2013,
1997,3,Airport,2025-10-02,505,Marker,1,1.75,1.75,2028,
1998,3,Airport,2025-10-14,505,Marker,7,1.75,12.25,,
1999,1,Downtown,2025-10-16,506,Highlighter,3,0.9,2.7,,
2000,1,Downtown,2025-10-26,502,Pen,10,0.8,8.0,2084,DISC10
